{"loss": [12.248562812805176, 1.9102975130081177, 1.8917940855026245, 1.848543405532837, 1.7937432527542114, 1.6933962106704712, 1.687556505203247, 1.580003023147583, 1.4686414003372192, 1.4450173377990723, 1.2643736600875854, 1.1563773155212402, 1.1365740299224854, 0.9442176222801208, 0.7887547016143799, 0.7792816758155823, 0.6441118717193604, 0.5928764939308167, 0.517366886138916, 0.40031668543815613, 0.3316119909286499, 0.2958940267562866, 0.2441590279340744, 0.31270718574523926, 0.2768271863460541, 0.383514940738678, 0.18148940801620483, 0.15998421609401703, 0.08875566720962524, 0.06970194727182388, 0.08775188773870468, 0.054899755865335464], "accuracy": [0.16571427881717682, 0.2085714340209961, 0.2085714340209961, 0.2199999988079071, 0.2914285659790039, 0.31285715103149414, 0.31142857670783997, 0.37285715341567993, 0.4342857003211975, 0.4514285624027252, 0.5271428823471069, 0.6000000238418579, 0.5699999928474426, 0.6814285516738892, 0.7400000095367432, 0.7257142663002014, 0.7885714173316956, 0.8028571605682373, 0.8257142901420593, 0.8642857074737549, 0.8942857384681702, 0.9142857193946838, 0.9257143139839172, 0.8971428275108337, 0.9200000166893005, 0.9085714221000671, 0.9471428394317627, 0.954285740852356, 0.9757142663002014, 0.9842857122421265, 0.9814285635948181, 0.9857142567634583], "val_loss": [1.955204963684082, 1.9244840145111084, 1.843198537826538, 1.80021333694458, 1.655472993850708, 1.5383156538009644, 1.5567660331726074, 1.3993263244628906, 1.2663967609405518, 1.422102928161621, 0.9024218320846558, 1.1582072973251343, 0.7791815400123596, 0.9286140203475952, 0.5507185459136963, 0.6054626703262329, 0.6127753257751465, 0.5764392018318176, 0.3406533896923065, 0.39551079273223877, 0.6270349621772766, 0.546119213104248, 0.432484894990921, 0.5184357762336731, 0.5072656273841858, 0.40928664803504944, 0.18871141970157623, 0.3337355852127075, 0.32947736978530884, 0.4518860876560211, 0.3270653486251831, 0.3304290175437927], "val_accuracy": [0.20000000298023224, 0.18571428954601288, 0.24285714328289032, 0.2785714268684387, 0.2928571403026581, 0.3857142925262451, 0.3928571343421936, 0.4571428596973419, 0.5285714268684387, 0.44999998807907104, 0.6642857193946838, 0.5785714387893677, 0.7142857313156128, 0.7571428418159485, 0.8428571224212646, 0.8285714387893677, 0.8214285969734192, 0.8214285969734192, 0.8928571343421936, 0.8785714507102966, 0.8714285492897034, 0.9428571462631226, 0.8714285492897034, 0.8785714507102966, 0.8714285492897034, 0.9428571462631226, 0.9714285731315613, 0.9428571462631226, 0.9571428298950195, 0.9642857313156128, 0.9642857313156128, 0.9642857313156128]}